{
  "Loan Approval Rate": 0.758934789,
  "Delinquency Rate": 0.093247832,
  "Loan Requests per Quarter": {
    "2024Q1": 1039,
    "2024Q2": 427,
    "2024Q3": 685,
    "2024Q4": 259,
    "2025Q1": 847
  },
  "Loan Repayment Rate per Quarter": {
    "2024Q1": 0.8374893783678436,
    "2024Q2": 0.7829467893675943,
    "2024Q3": 0.7193490374732549,
    "2024Q4": 0.7219404579374918,
    "2025Q1": 0.1049832074892787
  },
  "Average Purchase Value by Payment Type": {
    "Cash": 1234.5678901234567,
    "Debit Card": 567.890123456789,
    "Credit Card": 2345.678333333333,
    "Loan": 1234.5678901234567
  }
}